Zip,Municipality,Group Admin One,Group Admin Two,Group Admin Three,Group Admin Four,Group Admin Five,Group Admin Six,Group Admin Seven,Group Admin Eight,Group Admin Nine,Group Admin Ten,Group Admin Notification Email
02703,Attleboro,healthoutreach@cityofattleboro.us,,,,,,,,,,healthoutreach@cityofattleboro.us
02474,Arlington,sberson@town.arlington.ma.us,KLanteigne@town.arlington.ma.us,nopara@town.arlington.ma.us,,,,,,,,MBTAYouthPass@town.arlington.ma.us
02475,Arlington,sberson@town.arlington.ma.us,KLanteigne@town.arlington.ma.us,nopara@town.arlington.ma.us,,,,,,,,MBTAYouthPass@town.arlington.ma.us
02476,Arlington,sberson@town.arlington.ma.us,KLanteigne@town.arlington.ma.us,nopara@town.arlington.ma.us,,,,,,,,MBTAYouthPass@town.arlington.ma.us
02108,Boston,daniel.bryan2@boston.gov,jeremy.kazanjianamory@boston.gov,janai.busby2@boston.gov,samanta.miceus2@boston.gov,hilda.opara@boston.gov,natalia.areces@boston.gov,hannah.oke@boston.gov,,,,MBTAYouthPass@boston.gov
02109,Boston,daniel.bryan2@boston.gov,jeremy.kazanjianamory@boston.gov,janai.busby2@boston.gov,samanta.miceus2@boston.gov,hilda.opara@boston.gov,natalia.areces@boston.gov,hannah.oke@boston.gov,,,,MBTAYouthPass@boston.gov
02110,Boston,daniel.bryan2@boston.gov,jeremy.kazanjianamory@boston.gov,janai.busby2@boston.gov,samanta.miceus2@boston.gov,hilda.opara@boston.gov,natalia.areces@boston.gov,hannah.oke@boston.gov,,,,MBTAYouthPass@boston.gov
02111,Boston,daniel.bryan2@boston.gov,jeremy.kazanjianamory@boston.gov,janai.busby2@boston.gov,samanta.miceus2@boston.gov,hilda.opara@boston.gov,natalia.areces@boston.gov,hannah.oke@boston.gov,,,,MBTAYouthPass@boston.gov
02112,Boston,daniel.bryan2@boston.gov,jeremy.kazanjianamory@boston.gov,janai.busby2@boston.gov,samanta.miceus2@boston.gov,hilda.opara@boston.gov,natalia.areces@boston.gov,hannah.oke@boston.gov,,,,MBTAYouthPass@boston.gov
02113,Boston,daniel.bryan2@boston.gov,jeremy.kazanjianamory@boston.gov,janai.busby2@boston.gov,samanta.miceus2@boston.gov,hilda.opara@boston.gov,natalia.areces@boston.gov,hannah.oke@boston.gov,,,,MBTAYouthPass@boston.gov
02114,Boston,daniel.bryan2@boston.gov,jeremy.kazanjianamory@boston.gov,janai.busby2@boston.gov,samanta.miceus2@boston.gov,hilda.opara@boston.gov,natalia.areces@boston.gov,hannah.oke@boston.gov,,,,MBTAYouthPass@boston.gov
02115,Boston,daniel.bryan2@boston.gov,jeremy.kazanjianamory@boston.gov,janai.busby2@boston.gov,samanta.miceus2@boston.gov,hilda.opara@boston.gov,natalia.areces@boston.gov,hannah.oke@boston.gov,,,,MBTAYouthPass@boston.gov
02116,Boston,daniel.bryan2@boston.gov,jeremy.kazanjianamory@boston.gov,janai.busby2@boston.gov,samanta.miceus2@boston.gov,hilda.opara@boston.gov,natalia.areces@boston.gov,hannah.oke@boston.gov,,,,MBTAYouthPass@boston.gov
02117,Boston,daniel.bryan2@boston.gov,jeremy.kazanjianamory@boston.gov,janai.busby2@boston.gov,samanta.miceus2@boston.gov,hilda.opara@boston.gov,natalia.areces@boston.gov,hannah.oke@boston.gov,,,,MBTAYouthPass@boston.gov
02118,Boston,daniel.bryan2@boston.gov,jeremy.kazanjianamory@boston.gov,janai.busby2@boston.gov,samanta.miceus2@boston.gov,hilda.opara@boston.gov,natalia.areces@boston.gov,hannah.oke@boston.gov,,,,MBTAYouthPass@boston.gov
02119,Boston,daniel.bryan2@boston.gov,jeremy.kazanjianamory@boston.gov,janai.busby2@boston.gov,samanta.miceus2@boston.gov,hilda.opara@boston.gov,natalia.areces@boston.gov,hannah.oke@boston.gov,,,,MBTAYouthPass@boston.gov
02120,Boston,daniel.bryan2@boston.gov,jeremy.kazanjianamory@boston.gov,janai.busby2@boston.gov,samanta.miceus2@boston.gov,hilda.opara@boston.gov,natalia.areces@boston.gov,hannah.oke@boston.gov,,,,MBTAYouthPass@boston.gov
02121,Boston,daniel.bryan2@boston.gov,jeremy.kazanjianamory@boston.gov,janai.busby2@boston.gov,samanta.miceus2@boston.gov,hilda.opara@boston.gov,natalia.areces@boston.gov,hannah.oke@boston.gov,,,,MBTAYouthPass@boston.gov
02122,Boston,daniel.bryan2@boston.gov,jeremy.kazanjianamory@boston.gov,janai.busby2@boston.gov,samanta.miceus2@boston.gov,hilda.opara@boston.gov,natalia.areces@boston.gov,hannah.oke@boston.gov,,,,MBTAYouthPass@boston.gov
02123,Boston,daniel.bryan2@boston.gov,jeremy.kazanjianamory@boston.gov,janai.busby2@boston.gov,samanta.miceus2@boston.gov,hilda.opara@boston.gov,natalia.areces@boston.gov,hannah.oke@boston.gov,,,,MBTAYouthPass@boston.gov
02124,Boston,daniel.bryan2@boston.gov,jeremy.kazanjianamory@boston.gov,janai.busby2@boston.gov,samanta.miceus2@boston.gov,hilda.opara@boston.gov,natalia.areces@boston.gov,hannah.oke@boston.gov,,,,MBTAYouthPass@boston.gov
02125,Boston,daniel.bryan2@boston.gov,jeremy.kazanjianamory@boston.gov,janai.busby2@boston.gov,samanta.miceus2@boston.gov,hilda.opara@boston.gov,natalia.areces@boston.gov,hannah.oke@boston.gov,,,,MBTAYouthPass@boston.gov
02126,Boston,daniel.bryan2@boston.gov,jeremy.kazanjianamory@boston.gov,janai.busby2@boston.gov,samanta.miceus2@boston.gov,hilda.opara@boston.gov,natalia.areces@boston.gov,hannah.oke@boston.gov,,,,MBTAYouthPass@boston.gov
02127,Boston,daniel.bryan2@boston.gov,jeremy.kazanjianamory@boston.gov,janai.busby2@boston.gov,samanta.miceus2@boston.gov,hilda.opara@boston.gov,natalia.areces@boston.gov,hannah.oke@boston.gov,,,,MBTAYouthPass@boston.gov
02128,Boston,daniel.bryan2@boston.gov,jeremy.kazanjianamory@boston.gov,janai.busby2@boston.gov,samanta.miceus2@boston.gov,hilda.opara@boston.gov,natalia.areces@boston.gov,hannah.oke@boston.gov,,,,MBTAYouthPass@boston.gov
02129,Boston,daniel.bryan2@boston.gov,jeremy.kazanjianamory@boston.gov,janai.busby2@boston.gov,samanta.miceus2@boston.gov,hilda.opara@boston.gov,natalia.areces@boston.gov,hannah.oke@boston.gov,,,,MBTAYouthPass@boston.gov
02130,Boston,daniel.bryan2@boston.gov,jeremy.kazanjianamory@boston.gov,janai.busby2@boston.gov,samanta.miceus2@boston.gov,hilda.opara@boston.gov,natalia.areces@boston.gov,hannah.oke@boston.gov,,,,MBTAYouthPass@boston.gov
02131,Boston,daniel.bryan2@boston.gov,jeremy.kazanjianamory@boston.gov,janai.busby2@boston.gov,samanta.miceus2@boston.gov,hilda.opara@boston.gov,natalia.areces@boston.gov,hannah.oke@boston.gov,,,,MBTAYouthPass@boston.gov
02132,Boston,daniel.bryan2@boston.gov,jeremy.kazanjianamory@boston.gov,janai.busby2@boston.gov,samanta.miceus2@boston.gov,hilda.opara@boston.gov,natalia.areces@boston.gov,hannah.oke@boston.gov,,,,MBTAYouthPass@boston.gov
02133,Boston,daniel.bryan2@boston.gov,jeremy.kazanjianamory@boston.gov,janai.busby2@boston.gov,samanta.miceus2@boston.gov,hilda.opara@boston.gov,natalia.areces@boston.gov,hannah.oke@boston.gov,,,,MBTAYouthPass@boston.gov
02134,Boston,daniel.bryan2@boston.gov,jeremy.kazanjianamory@boston.gov,janai.busby2@boston.gov,samanta.miceus2@boston.gov,hilda.opara@boston.gov,natalia.areces@boston.gov,hannah.oke@boston.gov,,,,MBTAYouthPass@boston.gov
02135,Boston,daniel.bryan2@boston.gov,jeremy.kazanjianamory@boston.gov,janai.busby2@boston.gov,samanta.miceus2@boston.gov,hilda.opara@boston.gov,natalia.areces@boston.gov,hannah.oke@boston.gov,,,,MBTAYouthPass@boston.gov
02136,Boston,daniel.bryan2@boston.gov,jeremy.kazanjianamory@boston.gov,janai.busby2@boston.gov,samanta.miceus2@boston.gov,hilda.opara@boston.gov,natalia.areces@boston.gov,hannah.oke@boston.gov,,,,MBTAYouthPass@boston.gov
02137,Boston,daniel.bryan2@boston.gov,jeremy.kazanjianamory@boston.gov,janai.busby2@boston.gov,samanta.miceus2@boston.gov,hilda.opara@boston.gov,natalia.areces@boston.gov,hannah.oke@boston.gov,,,,MBTAYouthPass@boston.gov
02163,Boston,daniel.bryan2@boston.gov,jeremy.kazanjianamory@boston.gov,janai.busby2@boston.gov,samanta.miceus2@boston.gov,hilda.opara@boston.gov,natalia.areces@boston.gov,hannah.oke@boston.gov,,,,MBTAYouthPass@boston.gov
02196,Boston,daniel.bryan2@boston.gov,jeremy.kazanjianamory@boston.gov,janai.busby2@boston.gov,samanta.miceus2@boston.gov,hilda.opara@boston.gov,natalia.areces@boston.gov,hannah.oke@boston.gov,,,,MBTAYouthPass@boston.gov
02199,Boston,daniel.bryan2@boston.gov,jeremy.kazanjianamory@boston.gov,janai.busby2@boston.gov,samanta.miceus2@boston.gov,hilda.opara@boston.gov,natalia.areces@boston.gov,hannah.oke@boston.gov,,,,MBTAYouthPass@boston.gov
02201,Boston,daniel.bryan2@boston.gov,jeremy.kazanjianamory@boston.gov,janai.busby2@boston.gov,samanta.miceus2@boston.gov,hilda.opara@boston.gov,natalia.areces@boston.gov,hannah.oke@boston.gov,,,,MBTAYouthPass@boston.gov
02203,Boston,daniel.bryan2@boston.gov,jeremy.kazanjianamory@boston.gov,janai.busby2@boston.gov,samanta.miceus2@boston.gov,hilda.opara@boston.gov,natalia.areces@boston.gov,hannah.oke@boston.gov,,,,MBTAYouthPass@boston.gov
02204,Boston,daniel.bryan2@boston.gov,jeremy.kazanjianamory@boston.gov,janai.busby2@boston.gov,samanta.miceus2@boston.gov,hilda.opara@boston.gov,natalia.areces@boston.gov,hannah.oke@boston.gov,,,,MBTAYouthPass@boston.gov
02205,Boston,daniel.bryan2@boston.gov,jeremy.kazanjianamory@boston.gov,janai.busby2@boston.gov,samanta.miceus2@boston.gov,hilda.opara@boston.gov,natalia.areces@boston.gov,hannah.oke@boston.gov,,,,MBTAYouthPass@boston.gov
02206,Boston,daniel.bryan2@boston.gov,jeremy.kazanjianamory@boston.gov,janai.busby2@boston.gov,samanta.miceus2@boston.gov,hilda.opara@boston.gov,natalia.areces@boston.gov,hannah.oke@boston.gov,,,,MBTAYouthPass@boston.gov
02210,Boston,daniel.bryan2@boston.gov,jeremy.kazanjianamory@boston.gov,janai.busby2@boston.gov,samanta.miceus2@boston.gov,hilda.opara@boston.gov,natalia.areces@boston.gov,hannah.oke@boston.gov,,,,MBTAYouthPass@boston.gov
02211,Boston,daniel.bryan2@boston.gov,jeremy.kazanjianamory@boston.gov,janai.busby2@boston.gov,samanta.miceus2@boston.gov,hilda.opara@boston.gov,natalia.areces@boston.gov,hannah.oke@boston.gov,,,,MBTAYouthPass@boston.gov
02212,Boston,daniel.bryan2@boston.gov,jeremy.kazanjianamory@boston.gov,janai.busby2@boston.gov,samanta.miceus2@boston.gov,hilda.opara@boston.gov,natalia.areces@boston.gov,hannah.oke@boston.gov,,,,MBTAYouthPass@boston.gov
02215,Boston,daniel.bryan2@boston.gov,jeremy.kazanjianamory@boston.gov,janai.busby2@boston.gov,samanta.miceus2@boston.gov,hilda.opara@boston.gov,natalia.areces@boston.gov,hannah.oke@boston.gov,,,,MBTAYouthPass@boston.gov
02217,Boston,daniel.bryan2@boston.gov,jeremy.kazanjianamory@boston.gov,janai.busby2@boston.gov,samanta.miceus2@boston.gov,hilda.opara@boston.gov,natalia.areces@boston.gov,hannah.oke@boston.gov,,,,MBTAYouthPass@boston.gov
02222,Boston,daniel.bryan2@boston.gov,jeremy.kazanjianamory@boston.gov,janai.busby2@boston.gov,samanta.miceus2@boston.gov,hilda.opara@boston.gov,natalia.areces@boston.gov,hannah.oke@boston.gov,,,,MBTAYouthPass@boston.gov
02241,Boston,daniel.bryan2@boston.gov,jeremy.kazanjianamory@boston.gov,janai.busby2@boston.gov,samanta.miceus2@boston.gov,hilda.opara@boston.gov,natalia.areces@boston.gov,hannah.oke@boston.gov,,,,MBTAYouthPass@boston.gov
02283,Boston,daniel.bryan2@boston.gov,jeremy.kazanjianamory@boston.gov,janai.busby2@boston.gov,samanta.miceus2@boston.gov,hilda.opara@boston.gov,natalia.areces@boston.gov,hannah.oke@boston.gov,,,,MBTAYouthPass@boston.gov
02284,Boston,daniel.bryan2@boston.gov,jeremy.kazanjianamory@boston.gov,janai.busby2@boston.gov,samanta.miceus2@boston.gov,hilda.opara@boston.gov,natalia.areces@boston.gov,hannah.oke@boston.gov,,,,MBTAYouthPass@boston.gov
02293,Boston,daniel.bryan2@boston.gov,jeremy.kazanjianamory@boston.gov,janai.busby2@boston.gov,samanta.miceus2@boston.gov,hilda.opara@boston.gov,natalia.areces@boston.gov,hannah.oke@boston.gov,,,,MBTAYouthPass@boston.gov
02297,Boston,daniel.bryan2@boston.gov,jeremy.kazanjianamory@boston.gov,janai.busby2@boston.gov,samanta.miceus2@boston.gov,hilda.opara@boston.gov,natalia.areces@boston.gov,hannah.oke@boston.gov,,,,MBTAYouthPass@boston.gov
02298,Boston,daniel.bryan2@boston.gov,jeremy.kazanjianamory@boston.gov,janai.busby2@boston.gov,samanta.miceus2@boston.gov,hilda.opara@boston.gov,natalia.areces@boston.gov,hannah.oke@boston.gov,,,,MBTAYouthPass@boston.gov
02072,Brockton,aadams@ridebat.com,navigator@ridebat.com,kforrester@ridebat.com,,,,,,,,Info@ridebat.com
02301,Brockton,aadams@ridebat.com,navigator@ridebat.com,kforrester@ridebat.com,,,,,,,,Info@ridebat.com
02302,Brockton,aadams@ridebat.com,navigator@ridebat.com,kforrester@ridebat.com,,,,,,,,Info@ridebat.com
02303,Brockton,aadams@ridebat.com,navigator@ridebat.com,kforrester@ridebat.com,,,,,,,,Info@ridebat.com
02304,Brockton,aadams@ridebat.com,navigator@ridebat.com,kforrester@ridebat.com,,,,,,,,Info@ridebat.com
02305,Brockton,aadams@ridebat.com,navigator@ridebat.com,kforrester@ridebat.com,,,,,,,,Info@ridebat.com
02351,Brockton,aadams@ridebat.com,navigator@ridebat.com,kforrester@ridebat.com,,,,,,,,Info@ridebat.com
02322,Brockton,aadams@ridebat.com,navigator@ridebat.com,kforrester@ridebat.com,,,,,,,,Info@ridebat.com
02324,Brockton,aadams@ridebat.com,navigator@ridebat.com,kforrester@ridebat.com,,,,,,,,Info@ridebat.com
02325,Brockton,aadams@ridebat.com,navigator@ridebat.com,kforrester@ridebat.com,,,,,,,,Info@ridebat.com
02333,Brockton,aadams@ridebat.com,navigator@ridebat.com,kforrester@ridebat.com,,,,,,,,Info@ridebat.com
02334,Brockton,aadams@ridebat.com,navigator@ridebat.com,kforrester@ridebat.com,,,,,,,,Info@ridebat.com
02341,Brockton,aadams@ridebat.com,navigator@ridebat.com,kforrester@ridebat.com,,,,,,,,Info@ridebat.com
02370,Brockton,aadams@ridebat.com,navigator@ridebat.com,kforrester@ridebat.com,,,,,,,,Info@ridebat.com
02379,Brockton,aadams@ridebat.com,navigator@ridebat.com,kforrester@ridebat.com,,,,,,,,Info@ridebat.com
02382,Brockton,aadams@ridebat.com,navigator@ridebat.com,kforrester@ridebat.com,,,,,,,,Info@ridebat.com
02445,Brookline,tkirrane@brooklinema.gov,saucoin@brooklinema.gov,,,,,,,,,mbtayouthpass@brooklinema.gov
02446,Brookline,tkirrane@brooklinema.gov,saucoin@brooklinema.gov,,,,,,,,,mbtayouthpass@brooklinema.gov
02447,Brookline,tkirrane@brooklinema.gov,saucoin@brooklinema.gov,,,,,,,,,mbtayouthpass@brooklinema.gov
02138,Cambridge,smintz@cambridgema.gov,gkotowski@cambridgema.gov,,,,,,,,,tpass@cambridgema.gov
02139,Cambridge,smintz@cambridgema.gov,gkotowski@cambridgema.gov,,,,,,,,,tpass@cambridgema.gov
02140,Cambridge,smintz@cambridgema.gov,gkotowski@cambridgema.gov,,,,,,,,,tpass@cambridgema.gov
02141,Cambridge,smintz@cambridgema.gov,gkotowski@cambridgema.gov,,,,,,,,,tpass@cambridgema.gov
02142,Cambridge,smintz@cambridgema.gov,gkotowski@cambridgema.gov,,,,,,,,,tpass@cambridgema.gov
02238,Cambridge,smintz@cambridgema.gov,gkotowski@cambridgema.gov,,,,,,,,,tpass@cambridgema.gov
02150,Chelsea,samm@greenrootschelsea.org,layneb@greenrootschelsea.org,,,,,,,,,youthpass@greenrootschelsea.org
02149,Everett,andrea.romboli@ci.everett.ma.us,,,,,,,,,,andrea.romboli@ci.everett.ma.us
01701,Framingham,troy_fernandes@waysideyouth.org,allison_parks@waysideyouth.org,Oscar_landaverde@waysideyouth.org,dionne_robinson@waysideyouth.org,,,,,,,framinghamyouthpass@waysideyouth.org
01702,Framingham,troy_fernandes@waysideyouth.org,allison_parks@waysideyouth.org,Oscar_landaverde@waysideyouth.org,dionne_robinson@waysideyouth.org,,,,,,,framinghamyouthpass@waysideyouth.org
02420,Lexington,Sbarrett@lexingtonma.gov,Mnovner@lexingtonma.gov,,,,,,,,,transportation@lexingtonma.gov
02421,Lexington,Sbarrett@lexingtonma.gov,Mnovner@lexingtonma.gov,,,,,,,,,transportation@lexingtonma.gov
02148,Malden,troc@cityofmalden.org,pfinn@cityofmalden.org,lmatnog@cityofmalden.org,,,,,,,,maldenyouthpass@cityofmalden.org
02153,Medford,wpompeo@medford-ma.gov,jjohnston@medford-ma.gov,dwentzell@medford-ma.gov,,,,,,,,collector@medford-ma.gov
02155,Medford,wpompeo@medford-ma.gov,jjohnston@medford-ma.gov,dwentzell@medford-ma.gov,,,,,,,,collector@medford-ma.gov
02156,Medford,wpompeo@medford-ma.gov,jjohnston@medford-ma.gov,dwentzell@medford-ma.gov,,,,,,,,collector@medford-ma.gov
02176,Melrose,mfleischman@cityofmelrose.org,sminchello@cityofmelrose.org,ebrown@cityofmelrose.org,,,,,,,,melroseyouthpass@cityofmelrose.org
02456,Newton,nfreedman@newtonma.gov,,,,,,,,,,Newtonyouthpass@newtonma.gov
02458,Newton,nfreedman@newtonma.gov,,,,,,,,,,Newtonyouthpass@newtonma.gov
02459,Newton,nfreedman@newtonma.gov,,,,,,,,,,Newtonyouthpass@newtonma.gov
02460,Newton,nfreedman@newtonma.gov,,,,,,,,,,Newtonyouthpass@newtonma.gov
02461,Newton,nfreedman@newtonma.gov,,,,,,,,,,Newtonyouthpass@newtonma.gov
02462,Newton,nfreedman@newtonma.gov,,,,,,,,,,Newtonyouthpass@newtonma.gov
02464,Newton,nfreedman@newtonma.gov,,,,,,,,,,Newtonyouthpass@newtonma.gov
02465,Newton,nfreedman@newtonma.gov,,,,,,,,,,Newtonyouthpass@newtonma.gov
02466,Newton,nfreedman@newtonma.gov,,,,,,,,,,Newtonyouthpass@newtonma.gov
02467,Newton,nfreedman@newtonma.gov,,,,,,,,,,Newtonyouthpass@newtonma.gov
02468,Newton,nfreedman@newtonma.gov,,,,,,,,,,Newtonyouthpass@newtonma.gov
02495,Newton,nfreedman@newtonma.gov,,,,,,,,,,Newtonyouthpass@newtonma.gov
01833,North Shore,asantosa@northshore.edu,cnickles@northshore.edu,,,,,,,,,youthpass@northshore.edu
01834,North Shore,asantosa@northshore.edu,cnickles@northshore.edu,,,,,,,,,youthpass@northshore.edu
01860,North Shore,asantosa@northshore.edu,cnickles@northshore.edu,,,,,,,,,youthpass@northshore.edu
01885,North Shore,asantosa@northshore.edu,cnickles@northshore.edu,,,,,,,,,youthpass@northshore.edu
01901,North Shore,asantosa@northshore.edu,cnickles@northshore.edu,,,,,,,,,youthpass@northshore.edu
01902,North Shore,asantosa@northshore.edu,cnickles@northshore.edu,,,,,,,,,youthpass@northshore.edu
01903,North Shore,asantosa@northshore.edu,cnickles@northshore.edu,,,,,,,,,youthpass@northshore.edu
01904,North Shore,asantosa@northshore.edu,cnickles@northshore.edu,,,,,,,,,youthpass@northshore.edu
01905,North Shore,asantosa@northshore.edu,cnickles@northshore.edu,,,,,,,,,youthpass@northshore.edu
01906,North Shore,asantosa@northshore.edu,cnickles@northshore.edu,,,,,,,,,youthpass@northshore.edu
01907,North Shore,asantosa@northshore.edu,cnickles@northshore.edu,,,,,,,,,youthpass@northshore.edu
01908,North Shore,asantosa@northshore.edu,cnickles@northshore.edu,,,,,,,,,youthpass@northshore.edu
01910,North Shore,asantosa@northshore.edu,cnickles@northshore.edu,,,,,,,,,youthpass@northshore.edu
01915,North Shore,asantosa@northshore.edu,cnickles@northshore.edu,,,,,,,,,youthpass@northshore.edu
01921,North Shore,asantosa@northshore.edu,cnickles@northshore.edu,,,,,,,,,youthpass@northshore.edu
01922,North Shore,asantosa@northshore.edu,cnickles@northshore.edu,,,,,,,,,youthpass@northshore.edu
01923,North Shore,asantosa@northshore.edu,cnickles@northshore.edu,,,,,,,,,youthpass@northshore.edu
01929,North Shore,asantosa@northshore.edu,cnickles@northshore.edu,,,,,,,,,youthpass@northshore.edu
01930,North Shore,asantosa@northshore.edu,cnickles@northshore.edu,,,,,,,,,youthpass@northshore.edu
01931,North Shore,asantosa@northshore.edu,cnickles@northshore.edu,,,,,,,,,youthpass@northshore.edu
01936,North Shore,asantosa@northshore.edu,cnickles@northshore.edu,,,,,,,,,youthpass@northshore.edu
01938,North Shore,asantosa@northshore.edu,cnickles@northshore.edu,,,,,,,,,youthpass@northshore.edu
01940,North Shore,asantosa@northshore.edu,cnickles@northshore.edu,,,,,,,,,youthpass@northshore.edu
01944,North Shore,asantosa@northshore.edu,cnickles@northshore.edu,,,,,,,,,youthpass@northshore.edu
01945,North Shore,asantosa@northshore.edu,cnickles@northshore.edu,,,,,,,,,youthpass@northshore.edu
01949,North Shore,asantosa@northshore.edu,cnickles@northshore.edu,,,,,,,,,youthpass@northshore.edu
01950,North Shore,asantosa@northshore.edu,cnickles@northshore.edu,,,,,,,,,youthpass@northshore.edu
01951,North Shore,asantosa@northshore.edu,cnickles@northshore.edu,,,,,,,,,youthpass@northshore.edu
01952,North Shore,asantosa@northshore.edu,cnickles@northshore.edu,,,,,,,,,youthpass@northshore.edu
01960,North Shore,asantosa@northshore.edu,cnickles@northshore.edu,,,,,,,,,youthpass@northshore.edu
01961,North Shore,asantosa@northshore.edu,cnickles@northshore.edu,,,,,,,,,youthpass@northshore.edu
01966,North Shore,asantosa@northshore.edu,cnickles@northshore.edu,,,,,,,,,youthpass@northshore.edu
01969,North Shore,asantosa@northshore.edu,cnickles@northshore.edu,,,,,,,,,youthpass@northshore.edu
01970,North Shore,asantosa@northshore.edu,cnickles@northshore.edu,,,,,,,,,youthpass@northshore.edu
01971,North Shore,asantosa@northshore.edu,cnickles@northshore.edu,,,,,,,,,youthpass@northshore.edu
01983,North Shore,asantosa@northshore.edu,cnickles@northshore.edu,,,,,,,,,youthpass@northshore.edu
01984,North Shore,asantosa@northshore.edu,cnickles@northshore.edu,,,,,,,,,youthpass@northshore.edu
01985,North Shore,asantosa@northshore.edu,cnickles@northshore.edu,,,,,,,,,youthpass@northshore.edu
02169,Quincy,tina@quincyasianresources.org,winner@quincyasianresources.org,helenxm@quincyasianresources.org,,,,,,,,frontdesk@quincyasianresources.org
02170,Quincy,tina@quincyasianresources.org,winner@quincyasianresources.org,helenxm@quincyasianresources.org,,,,,,,,frontdesk@quincyasianresources.org
02171,Quincy,tina@quincyasianresources.org,winner@quincyasianresources.org,helenxm@quincyasianresources.org,,,,,,,,frontdesk@quincyasianresources.org
02269,Quincy,tina@quincyasianresources.org,winner@quincyasianresources.org,helenxm@quincyasianresources.org,,,,,,,,frontdesk@quincyasianresources.org
01867,Reading,fmaltez@ci.reading.ma.us,jlaverde@ci.reading.ma.us,csaunders@ci.reading.ma.us,,,,,,,,fmaltez@ci.reading.ma.us
02151,Revere,rcroghan@noblenet.org,,,,,,,,,,revereyouthpass@gmail.com
02143,Somerville,NBacci@somervillema.gov,jtorrestrinidad@somervillema.gov,,,,,,,,,jtorrestrinidad@somervillema.gov
02144,Somerville,NBacci@somervillema.gov,jtorrestrinidad@somervillema.gov,,,,,,,,,jtorrestrinidad@somervillema.gov
02145,Somerville,NBacci@somervillema.gov,jtorrestrinidad@somervillema.gov,,,,,,,,,jtorrestrinidad@somervillema.gov
01880,Wakefield,sdalton@wakefield.ma.us,smaio@wakefield.ma.us,,,,,,,,,MBTAYouthPass@wakefield.ma.us
02471,Watertown,Sophia_Suarez-Friedman@WaysideYouth.org,Maysa_Ramos@WaysideYouth.org,,,,,,,,,Maysa_Ramos@WaysideYouth.org
02472,Watertown,Sophia_Suarez-Friedman@WaysideYouth.org,Maysa_Ramos@WaysideYouth.org,,,,,,,,,Maysa_Ramos@WaysideYouth.org
02477,Watertown,Sophia_Suarez-Friedman@WaysideYouth.org,Maysa_Ramos@WaysideYouth.org,,,,,,,,,Maysa_Ramos@WaysideYouth.org
01601,Worcester,castro-corazzinir@worcesterma.gov,abreuj@worcesterma.gov,,,,,,,,,youth@worcesterma.gov
01602,Worcester,castro-corazzinir@worcesterma.gov,abreuj@worcesterma.gov,,,,,,,,,youth@worcesterma.gov
01603,Worcester,castro-corazzinir@worcesterma.gov,abreuj@worcesterma.gov,,,,,,,,,youth@worcesterma.gov
01604,Worcester,castro-corazzinir@worcesterma.gov,abreuj@worcesterma.gov,,,,,,,,,youth@worcesterma.gov
01605,Worcester,castro-corazzinir@worcesterma.gov,abreuj@worcesterma.gov,,,,,,,,,youth@worcesterma.gov
01606,Worcester,castro-corazzinir@worcesterma.gov,abreuj@worcesterma.gov,,,,,,,,,youth@worcesterma.gov
01607,Worcester,castro-corazzinir@worcesterma.gov,abreuj@worcesterma.gov,,,,,,,,,youth@worcesterma.gov
01608,Worcester,castro-corazzinir@worcesterma.gov,abreuj@worcesterma.gov,,,,,,,,,youth@worcesterma.gov
01609,Worcester,castro-corazzinir@worcesterma.gov,abreuj@worcesterma.gov,,,,,,,,,youth@worcesterma.gov
01610,Worcester,castro-corazzinir@worcesterma.gov,abreuj@worcesterma.gov,,,,,,,,,youth@worcesterma.gov
99999,Testing,testadmin1@example.com,,,,,,,,,,notificationemail@example.com
